<?xml version="1.0" encoding="UTF-8"?>
<project-private xmlns="http://www.netbeans.org/ns/project-private/1">
    <editor-bookmarks xmlns="http://www.netbeans.org/ns/editor-bookmarks/2" lastBookmarkId="0"/>
    <open-files xmlns="http://www.netbeans.org/ns/projectui-open-files/2">
        <group>
            <file>file:/C:/Users/Dhany/Documents/NetBeansProjects/Perpusatakan/src/backend/DBHelper.java</file>
            <file>file:/C:/Users/Dhany/Documents/NetBeansProjects/Perpusatakan/src/frontend/FrmKategori.java</file>
            <file>file:/C:/Users/Dhany/Documents/NetBeansProjects/Perpusatakan/src/frontend/FrmAnggota.java</file>
            <file>file:/C:/Users/Dhany/Documents/NetBeansProjects/Perpusatakan/src/frontend/FrmBuku.java</file>
            <file>file:/C:/Users/Dhany/Documents/NetBeansProjects/Perpusatakan/src/frontend/FrmPeminjaman.java</file>
            <file>file:/C:/Users/Dhany/Documents/NetBeansProjects/Perpusatakan/src/backend/Peminjaman.java</file>
            <file>file:/C:/Users/Dhany/Documents/NetBeansProjects/Perpusatakan/src/backend/Anggota.java</file>
            <file>file:/C:/Users/Dhany/Documents/NetBeansProjects/Perpusatakan/src/frontend/FrmMenu.java</file>
            <file>file:/C:/Users/Dhany/Documents/NetBeansProjects/Perpusatakan/src/backend/Buku.java</file>
        </group>
    </open-files>
</project-private>
